ISBN;Titulo;Data de Lancamento;Autor;Editora;Idioma;Estante;Estado; Valor de Venda ;Estoque;Valor de compra;Data de cadastro de entrada;Data de Cadastro Plataforma;Vendido?
9780141359373;Hold Me Closer: The Tiny Cooper Story Capa comum;17/03/2015; David Levithan;Penguin Books Ltd;Inglês;Sessão Inglês;Usado; R$ 50,00 ;1; R$ 16,67 ;31/10/2025;03/11/2025;
9788578602345;Livro de Ouro da Liderança Capa comum;06/04/2015;John C. Maxwell ;Thomas Nelson;Português;Emprrendedorismo;Usado; R$ 25,00 ;1; R$ 8,33 ;31/10/2025;03/11/2025;
9788580445169;O Pequeno Príncipe e o Astronomo Capa dura;01/07/2013;Antoine de Saint-Exupéry;LeYa;Português;Sessão Infantil;Usado; R$ 20,00 ;1; R$ 6,67 ;31/10/2025;03/11/2025;
9786555600254;Malorie: Sequência de caixa de pássaros: 2 Capa comum ;21/07/2020;Josh Malerman;Intrínseca;Português;Letra do autor;Usado; R$ 25,00 ;1; R$ 8,33 ;31/10/2025;03/11/2025;
9786555653502;Nós somos inevitáveis: Algumas histórias de amor estão destinadas a acontecer  Capa comum;09/08/2022;Gayle Forman;Arqueiro;Português;Letra do autor;Usado; R$ 25,00 ;1; R$ 8,33 ;31/10/2025;03/11/2025;
9788550702056;As Garotas Spring Capa comum;05/05/2018;Anna Todd ;VR Editora;Português;Letra do autor;Usado; R$ 30,00 ;1; R$ 10,00 ;31/10/2025;03/11/2025;
9788562409998;Fuck love: Louco Amor Capa comum;01/01/2017;Tarryn Fisher;Faro Editorial;Português;Letra do autor;Usado; R$ 20,00 ;1; R$ 6,67 ;31/10/2025;03/11/2025;
9788565859363;Proibido Capa comum;01/01/2015;Tabitha Suzuma ;Valentina;Português;Letra do autor;Usado; R$ 35,00 ;1; R$ 11,67 ;31/10/2025;03/11/2025;
9788535919974;Reparação Capa comum;29/11/2011;Ian McEwan ;Edição Econômica;Português;Letra do autor;Usado; R$ 25,00 ;1; R$ 8,33 ;31/10/2025;03/11/2025;
9788535907728;Coração de tinta: 1 Capa comum ;10/02/2006;Cornelia Funke;Seguinte;Português;Letra do autor;Usado; R$ 30,00 ;1; R$ 10,00 ;31/10/2025;03/11/2025;
9788539823659;Cartas para uma falsa dama Capa comum ;01/06/2017;Carol Townend ;Harlequin Books;Português;Letra do autor;Usado; R$ 20,00 ;1; R$ 6,67 ;31/10/2025;03/11/2025;
9788525056993;Os cinco porquinhos Capa comum;01/06/2014;Agatha Christie;Globo Livros;Português;Letra do autor;Usado; R$ 20,00 ;1; R$ 6,67 ;31/10/2025;05/11/2025;
9788525420893;Morte na Mesopotâmia Seguido de o Caso dos dez Negrinhos Capa comum;01/11/2010;Agatha Christie;L&PM;Português;Letra do autor;Usado; R$ 25,00 ;1; R$ 8,33 ;31/10/2025;05/11/2025;
9786555110029;Morte no Nilo Capa dura ;15/09/2020;Agatha Christie;HarperCollins;Português;Letra do autor;Usado; R$ 35,00 ;1; R$ 11,67 ;31/10/2025;04/11/2025;
9788525057006;O assassinato de Roger Ackroyd Capa comum;01/06/2014;Agatha Christie;Globo Livros;Português;Letra do autor;Usado; R$ 25,00 ;1; R$ 8,33 ;31/10/2025;04/11/2025;
9788525056016;Assassinato no campo de golfe Capa comum;01/06/2014;Agatha Christie;Globo Livros;Português;Letra do autor;Usado; R$ 20,00 ;1; R$ 6,67 ;31/10/2025;04/11/2025;
9788520923542;Assassinato no Expresso do Oriente Capa comum ;06/04/2015;Agatha Christie;Nova Fronteira;Português;Letra do autor;Usado; R$ 20,00 ;1; R$ 6,67 ;31/10/2025;04/11/2025;
9788525429452;Agatha Christie - Mistérios dos Anos 50 Capa comum ;11/04/2014;Agatha Christie;L&PM;Português;Letra do autor;Usado; R$ 45,00 ;1; R$ 15,00 ;31/10/2025;04/11/2025;
9788525423160;Os 13 Problemas Livro de bolso;01/01/2011;Agatha Christie;L&PM;Português;Letra do autor;Usado; R$ 20,00 ;1; R$ 6,67 ;31/10/2025;04/11/2025;
9788564823037;Romeu e Julieta Capa comum;03/11/2011;Marcela Godoy  /  William Shakespeare ;Nemo;Português;Letra do autor;Usado; R$ 20,00 ;1; R$ 6,67 ;31/10/2025;04/11/2025;
9788573790733;Anatomia Humana Sistêmica e Segmentar;01/01/2000; Dangelo e Fattini;Atheneu;Português;Letra do autor;Usado; R$ 100,00 ;1; R$ 33,33 ;31/10/2025;03/11/2025;
9788599994795;Cadernos de Literatura Brasileira. Lygia Fagundes Telles - Número 5 Capa comum;22/10/2009; Lygia Fagundes Telles;IMS;Português;Letra do autor;Usado; R$ 150,00 ;1; R$ 50,00 ;31/10/2025;03/11/2025;
9788575426173;Oprah. Uma Biografia Capa comum;27/10/2010; Kitty Kelley ;Sextante;Português;Letra do autor;Usado; R$ 30,00 ;1; R$ 10,00 ;31/10/2025;05/11/2025;
9788580573015;Extraordinário Capa comum;31/01/2013; R. J. Palacio;Intrínseca;Português;Sessão Infantil / Paradidatico;Usado; R$ 38,00 ;1; R$ 12,67 ;31/10/2025;05/11/2025;
9782259311335;Dictionnaire amoureux de l'humour juif Livro de bolso;19/05/2022;Adam Biro;Plon;Francês ;Sessão Linguas;Usado; R$ 50,00 ;1; R$ 16,67 ;31/10/2025;03/11/2025;
9788569809067;Uma Noite Com Audrey Hepburn Capa comum ;26/08/2024;Lucy Holliday;HarperCollins;Português;Letra do autor;Usado; R$ 20,00 ;1; R$ 6,67 ;31/10/2025;05/11/2025;
9788595080164;Uma Noite Com Grace Kelly Capa comum ;08/03/2017; Lucy Holliday ;HarperCollins;Português;Letra do autor;Usado; R$ 20,00 ;1; R$ 6,67 ;31/10/2025;05/11/2025;
9788569809821;Uma Noite com Marilyn Monroe Capa comum;13/06/2016; Lucy Holliday ;HarperCollins;Português;Letra do autor;Usado; R$ 20,00 ;1; R$ 6,67 ;31/10/2025;05/11/2025;
9788580418750;Uma dama fora dos padrões (Os Rokesbys – Livro 1): A origem dos Bridgertons Capa comum ;24/07/2018;Julia Quinn;Arqueiro;Português;Letra do autor;Usado; R$ 30,00 ;1; R$ 10,00 ;31/10/2025;05/11/2025;
9786555650082;Uma noiva rebelde (Os Rokesbys – Livro 4): A origem dos Bridgertons Capa comum;03/07/2020;Julia Quinn;Arqueiro;Português;Letra do autor;Usado; R$ 30,00 ;1; R$ 10,00 ;31/10/2025;05/11/2025;
9788544000144;Contos russos: Tomo I: 8 Capa comum;16/07/2014; Alexandr Púchkin / Nikolai Gógol;Martin Claret;Português;Letra do autor;Usado; R$ 20,00 ;1; R$ 6,67 ;31/10/2025;03/11/2025;
9788535906172;Assassinatos na Academia Brasileira de Letras Capa comum;18/04/2005;Jô Soares;Companhia das Letras;Português;Letra do autor;Usado; R$ 30,00 ;1; R$ 20,00 ;31/10/2025;05/11/2025;
9788535917376;Scott Pilgrim - Contra O Mundo - Volume - 2 Capa comum ;26/10/2010; Bryan Lee O'Malley ;Quadrinhos na Cia;Português;Mangá;Usado; R$ 38,00 ;1; R$ 12,67 ;07/11/2025;07/11/2025;Sim
9788561384234;Belezas perigosas - volume 1 Capa comum;02/07/2008;Libba Bray ;Rocco Jovens Leitores;Português;Letra do autor;Usado; R$ 20,00 ;1; R$ 6,67 ;31/10/2025;05/11/2025;
9788532531766;HARRY POTTER E A PEDRA FILOSOFAL (CAPA DURA) – Edição Comemorativa dos 20 anos da Coleção Harry Potter: 1 Capa dura ;30/04/2020;J.K. Rowling ;Rocco;Português;Sessão Fantasia;Usado; R$ 35,00 ;1; R$ 11,67 ;31/10/2025;05/11/2025;
9788566997804;Biblia Sagrada - Nova Versao Internacional Capa Dura;13/08/2019; Thomas Nelson Brasil;Thomas Nelson Brasil;Português;Sessão religião;Usado; R$ 30,00 ;1; R$ 10,00 ;31/10/2025;03/11/2025;
9788593745829;A queda de Lorde Drayson: Série Tanglewood: Volume 1 Capa comum;16/09/2019;Rachael Anderson;Editora Pausa;Português;Letra do autor;Usado; R$ 20,00 ;1; R$ 6,67 ;31/10/2025;03/11/2025;
9788535918281;Brooklyn;25/04/2011;Colm Tóibín ;Companhia das Letras;Português;Letra do autor;Usado; R$ 40,00 ;1; R$ 13,33 ;31/10/2025;03/11/2025;
9788573285451;Joana D'Arc Capa comum;11/03/2008;Leon Denis;FEB;Português;Letra do autor;Usado; R$ 30,00 ;1; R$ 10,00 ;31/10/2025;05/11/2025;
9786555922263;GPS Das Vendas Capa comum;01/01/2021;Marcelo Baratella ;Literate Books;Português;Emprrendedorismo;Usado; R$ 20,00 ;1; R$ 6,67 ;31/10/2025;05/11/2025;
9788581930923;Crime E Castigo Colecao Folha Grandes Livros No Cinema Capa Dura;22/08/2016;Fiodor Dostoievski ;Folha;Português;Filosofia;Usado; R$ 25,00 ;1; R$ 8,33 ;31/10/2025;05/11/2025;
9788589020039;A Bolsa Amarela Capa comum ;01/01/2013; Lygia Bojunga ;Casa Lygia Bojunga;Português;Letra do autor;Usado; R$ 30,00 ;1; R$ 10,00 ;31/10/2025;05/11/2025;
9788579492716;Grandes Nomes da Literatura o Curioso Caso de Benjamin Button  Capa dura ;01/01/2019; F.scott ;Folha de São Paulo;Português;Letra do autor;Usado; R$ 25,00 ;1; R$ 8,33 ;07/11/2025;07/11/2025;
9781853260209;Jane Eyre (Wordsworth Classics) ;01/10/2011; Charlotte Brontë ;Wordsworth Editions;Inglês;Sessão Inglês;Usado; R$ 40,00 ;1; R$ 13,33 ;31/10/2025;03/11/2025;
9788516090838;True (A Verdade) - Volume 2. Coleção Elixir Capa comum ;06/02/2016;Hilary Duff ;Ciranda Cultural;Português;Letra do autor;Usado; R$ 20,00 ;1; R$ 6,67 ;31/10/2025;05/11/2025;
9788579802201;360 dias de sucesso Capa comum ;10/11/2014;Thalita Rebouças;Rocco Jovens Leitores;Português;Letra do autor;Usado; R$ 20,00 ;1; R$ 6,67 ;31/10/2025;05/11/2025;
9788516070045;Blue Bloods. O Baile de Máscaras Capa comum;01/01/2011;Melissa de la Cruz ;Moderna;Português;Letra do autor;Usado; R$ 20,00 ;1; R$ 6,67 ;31/10/2025;05/11/2025;
9788579714153;O Retrato de Dorian Gray Capa  Dura;06/02/2016;Oscar  Wilde (Vários autores);Ciranda Cultural;Português;Letra do autor;Usado; R$ 25,00 ;1; R$ 8,33 ;31/10/2025;05/11/2025;
9788516080389;Devoted (Devoção) - Volume 2 Capa comum;01/01/2012;Hilary Duff ;Moderna;Português;Letra do autor;Usado; R$ 25,00 ;1; R$ 8,33 ;31/10/2025;03/11/2025;
9788516067472;Blue Bloods. Vampiros de Manhattan Capa comum ;06/02/2016;Melissa de la Cruz ;Ciranda Cultural;Português;Vampiros;Usado; R$ 20,00 ;1; R$ 6,67 ;31/10/2025;05/11/2025;
9786558700630;O Fantasma de Canterville e Outras Histórias Capa comum – Livro interativo;09/04/2021;Oscar Wilde;Editora Lafonte;Português;Letra do autor;Usado; R$ 25,00 ;1; R$ 8,33 ;31/10/2025;03/11/2025;
9788506048115;100 Anos Pernambucanas com a família brasileira;01/01/2008;Arthur Lundgren;Melhoramentos;Português;Letra do autor;Usado; R$ 80,00 ;1; R$ 26,67 ;31/10/2025;05/11/2025;
978-8575591024;O ano I da Revolução Russa ;31/12/2007;Victor Serge;Boitempo Editorial;Português;Letra do autor;Usado; R$ 50,00 ;1; R$ 16,67 ;03/11/2025;03/11/2025;
9788581634937;Sussurros do Pais das Maravilhas Capa comum;01/01/2017;A. G. HOWARD ;Novo Conceito;Português;Letra do autor;Usado; R$ 25,00 ;1; R$ 8,33 ;03/11/2025;07/11/2025;
9788581633381;Lado Mais Sombrio: Bem-Vindo Ao Verdadeiro Pais Das Maravilha - Livro  1 ISBN:9788581633381;01/01/2014;A. G. HOWARD;Novo Conceito;Português;Letra do autor;Usado; R$ 30,00 ;1; R$ 10,00 ;03/11/2025;07/11/2025;
9788581635613;Atras Do Espelho Capa comum -  Livro 2 ISBN: 9788581635613;01/01/2014;A. G. HOWARD;Novo Conceito;Português;Letra do autor;Usado; R$ 35,00 ;1; R$ 11,67 ;03/11/2025;07/11/2025;
9788581638300;Qualquer Outro Lugar Capa comum - Livro 3 ISBN: 9788581638300;01/01/2016;A. G. HOWARD;Novo Conceito;Português;Letra do autor;Usado; R$ 30,00 ;1; R$ 10,00 ;03/11/2025;07/11/2025;
9786555606539;O ladrão de raios: Série Percy Jackson e os olimpianos (novas capas): 1 Capa comum;01/09/2023;Rick Riordan ;Intrínseca;Português;Letra do autor;Usado; R$ 38,00 ;1; R$ 12,67 ;03/11/2025;07/11/2025;
9788542217483;As aventuras de Mike 1 Capa comum – Edição padrão Livro 1 de 5;25/09/2019;Gabriel Dearo e  Manu Digilio;Outro Planeta;Português;Letra do autor;Usado; R$ 30,00 ;1; R$ 10,00 ;03/11/2025;07/11/2025;
9788572532860;Evoluir é simples, nós é que complicamos Capa comum;06/03/2015;Manolo Quesada;Petit;Português;Letra do autor;Usado; R$ 25,00 ;1; R$ 8,33 ;03/11/2025;Tirar foto;
9788576577096;Piquenique na Estrada Capa comum ;27/02/2025; Arkádi Strugátski  e  Boris Strugátski ;Editora Aleph;Português;Letra do autor;Usado; R$ 44,00 ;1; R$ 14,67 ;03/11/2025;07/11/2025;
9788576575719;Filhos da esperança Capa dura ;04/07/2023; P. D. James;Editora Aleph;Português;Letra do autor;Usado; R$ 60,00 ;1; R$ 20,00 ;03/11/2025;07/11/2025;
9788578607463;O poder da oração transformadora -  Capa comum ;06/08/2018;Stormie Omartian;Thomas Nelson Brasil;Português;Letra do autor;Usado; R$ 20,00 ;1; R$ 6,67 ;03/11/2025;07/11/2025;
9786500471571;O Diário de Hass - Volume 1 Capa comum; 1/01 2022; H. F. Pessoa;Independente;Português;Letra do autor;Usado; R$ 42,00 ;1; R$ 14,00 ;03/11/2025;07/11/2025;
9788532512673;Homens são de Marte, mulheres são de Vênus: Livro dos dias Capa comum;06/08/2001;Jonh Gray;Rocco;Português;Letra do autor;Usado; R$ 25,00 ;1; R$ 8,33 ;03/11/2025;Verificar estoque;
9788563808660;Sempre Há Uma Luz Capa comum;19/05/2016; Luiz Sérgio;Intelitera;Português;Letra do autor;Usado; R$ 28,00 ;1; R$ 9,33 ;03/11/2025;07/11/2025;
9788556710055;O Segredo Dos Super Heróis Livro cartonado ;01/01/2016;Franco de Rosa ;Geek;Português;Letra do autor;Usado; R$ 32,00 ;1; R$ 10,67 ;03/11/2025;07/11/2025;
9788550800851;Pai Rico - O Negócio do Século XXI Capa comum;02/03/2017;Robert T. Kiyosaki  John Fleming  e  Kim Kiyosaki;Alta Books;Português;Letra do autor;Usado; R$ 30,00 ;1; R$ 10,00 ;03/11/2025;07/11/2025;
9788545203278;Seja Um Líder De Heróis - Capa comum ;01/07/2019;Leandro Moreira ;Gente;Português;Emprrendedorismo;Usado; R$ 42,00 ;1; R$ 14,00 ;03/11/2025;29/11/2025;
9788556511508;Para o Lobo: 1 Capa comum ;28/07/2022;Hannah Whitten ;Suma;Português;Letra do autor;Usado; R$ 55,00 ;1; R$ 18,33 ;03/11/2025;07/11/2025;
9788586028120;A Volta da Graúna Capa comum ;01/01/2009;Henrique de Souza Filho ;Geração Editorial;Português;Letra do autor Paradidático;Usado; R$ 65,00 ;1; R$ 21,67 ;03/11/2025;07/11/2025;
9788522127023;Teoria Microeconômica: Princípios Básicos E Aplicações Capa comum ;21/06/2018; Walter Nicholson e  Christopher Snyder;Cengage Learning;Português;Emprrendedorismo;Usado; R$ 165,00 ;1; R$ 55,00 ;03/11/2025;07/11/2025;
9788539503650;Mercy Capa comum;01/01/2012;Rebecca Lim ;Fundamento;Português;Emprrendedorismo;Usado; R$ 30,00 ;1; R$ 10,00 ;03/11/2025;07/11/2025;
9786555982091;Reino das Bruxas: Irmandade Mística Capa dura; 1/09/2022;Kerri Maniscalco;Darkside Books - Darklove;Português;Darkside ;Usado; R$ 42,00 ;1; R$ 14,00 ;03/11/2025;07/11/2025;
9788595810082;Deixada Para Trás Capa comum;03/11/2017;Charlie Donlea;Faro Editorial;Português;Letra do autor;Usado; R$ 33,00 ;1; R$ 11,00 ;03/11/2025;07/11/2025;
9788501115553;O príncipe cruel (Vol. 1 O Povo do Ar) Capa comum;10/09/2018;Holly Black ;Galera;Português;Sessão Fantasia;Usado; R$ 42,00 ;1; R$ 14,00 ;03/11/2025;22/11/2025;
9788579601705;Conspiração no Fim do Mundo Capa comum;01/01/2013;SaÏd Farhat;Editora Europa;Português;Letra do autor;Usado; R$ 30,00 ;1; R$ 10,00 ;12/11/2025;12/11/2025;
9788581930657;Coleção Folha Grandes Pintores Brasileiros Tarsila do Amaral  Volume 3 Capa dura ;01/01/2013; Folha de São Paulo;Folha de São Paulo;Português;Sessão de arte;Usado; R$ 50,00 ;1; R$ 16,67 ;12/11/2025;12/11/2025;
9780971486300;Goseigen: Revelações Divinas — Capa Dura;01/01/2008;Sei-?;Meishu-Sama (Mokichi Okada);Português;Sessão religião;Usado; R$ 300,00 ;1; R$ 198,00 ;12/11/2025;12/11/2025;
Não possui;Fazendo Lobby - Guia para partiipação de delegadas/os no processo de negociação e incidência na 1ª Conferência nacional de comunicação  (CONFECOM);17/12/2009;Rede Mulher de Educação;Jacira Melo e outros;Português;Letra do autor;Usado; R$ 30,00 ;1; R$ 10,00 ;12/11/2025;12/11/2025;
9788596021647;Um bichinho só pra mim Capa comum;01/01/2020; Sônia Barros e Arthur Vergani ;Quinteto;Português;Letra do autor Paradidático;Usado; R$ 50,00 ;6; R$ 16,67 ;12/11/2025;12/11/2025;
9788532280626;O jogo do puxa-puxa Capa comum;01/01/2012; Flávia Muniz  e  Fabiana Salomão;FTD;Português;Letra do autor Paradidático;Novo; R$ 60,00 ;2; R$ 20,00 ;12/11/2025;12/11/2025;
9788585466299;Fábulas de Esopo Capa comum;25/08/1994; Russell Ash e  Bernard Higton;Companhia das Letrinhas;Português;Letra do autor Paradidático;Usado; R$ 45,00 ;1; R$ 15,00 ;12/11/2025;12/11/2025;
9788596032490;O alfaiate valente Capa comum ;01/11/2022; Ana Maria Machado  e  Bruno Nunes;FTD;Português;Letra do autor Paradidático;Usado; R$ 55,00 ;1; R$ 18,33 ;12/11/2025;Verificar estoque;
9788596018203;Melhores Amigos;01/11/2018;Patrick Jackson;FTD;Português;Letra do autor Paradidático;Usado; R$ 30,00 ;1; R$ 10,00 ;12/11/2025;Verificar estoque;
9788532257024;Poesia é fruta doce e gostosa Capa comum ;19/09/2018; Elias José e Cristina Biazetto;FTD;Português;Letra do autor Paradidático;Usado; R$ 45,00 ;1; R$ 15,00 ;12/11/2025;Verificar estoque;
9786555122732;Bakemonogatari Vol. 7 Capa comum;25/08/2020;Nisioisin ;Panini;Português;Mangá;Usado; R$ 45,00 ;1; R$ 15,00 ;12/11/2025;12/11/2025;
9788580732726;Coleção Artes Marciais: Muay Tai Boxe Tailandês Capa comum;01/01/2011;Luiz Alves e Artur Mariano;On Line Editora.;Português;Letra do autor;Usado; R$ 20,00 ;1; R$ 6,67 ;12/11/2025;12/11/2025;
9788571563445;Minhas Oracoes Capa comum ;01/01/2003; MASAHARU TANIGUCHI;SEICHO-NO-IE;Português;Religião;Usado; R$ 40,00 ;1; R$ 13,33 ;12/11/2025;12/11/2025;
9788551004630;Holocausto Brasileiro: Genocídio: 60 mil mortos no maior hospício do Brasil Capa comum;11/03/2019; Daniela Arbex ;Intrínseca;Português;Letra do autor;Usado; R$ 45,00 ;1; R$ 15,00 ;12/11/2025;12/11/2025;
9788594318565;Mensagem Capa comum;04/04/2019;Fernando Pessoa ;Principis;Português;Letra do autor;Usado; R$ 20,00 ;1; R$ 6,67 ;12/11/2025;12/11/2025;
9788525060792;Três coroas negras (Livro 1) Capa comum ;04/04/2017;Kendare Blake ;Alt;Português;Letra do autor;Usado; R$ 35,00 ;1; R$ 11,67 ;12/11/2025;12/11/2025;
9786525914527;Mashle: Magia e Músculos Vol. 6 Capa comum;17/02/2023;Hajime Koumoto ;Panini;Português;Mangá;Usado; R$ 35,00 ;1; R$ 11,67 ;12/11/2025;12/11/2025;
9788576162759;Marusaku - V. 03 Capa comum;01/01/2010;Akira Toriyama;Conrad;Português;Mangá;Usado; R$ 30,00 ;1; R$ 10,00 ;12/11/2025;12/11/2025;
9786559825691;Mashle: Magia e Músculos Vol. 5 Capa comum ;15/06/2025;Hajime Koumot;Panini;Português;Mangá;Usado; R$ 30,00 ;1; R$ 10,00 ;12/11/2025;12/11/2025;
9786559603084;Mashle: magia e músculos - 01 Capa comum;30/11/2025;Hajime Koumoto ;Panini;Português;Mangá;Usado; R$ 30,00 ;1; R$ 10,00 ;12/11/2025;12/11/2025;
9786559821259;Rooster Fighter - o Galo Lutador Vol. 1 Capa comum;15/04/2024;Syu Sakuratani;Panini;Português;Mangá;Usado; R$ 25,00 ;1; R$ 8,33 ;12/11/2025;12/11/2025;
9788542629446;Re: Zero - 4: Capítulo 2: uma Semana na Mansão  Capa comum;04/03/2020;Fugetsu, Makoto, Nagatsuki, Tappei;Panini;Português;Mangá;Usado; R$ 30,00 ;1; R$ 10,00 ;12/11/2025;12/11/2025;
9786559820177;Konosuba: Abençoado Mundo Maravilhoso! Vol. 1 Capa comum;20/03/2024; Natsume Akatsuki;Panini;Português;Mangá;Usado; R$ 25,00 ;1; R$ 8,33 ;12/11/2025;Verificar estoque;
9788535930870;Os bestializados: O Rio de Janeiro e a República que não foi Capa comum ;05/02/2019;José Murilo de Carvalho;Companhia das Letras;Português;Mangá;Usado; R$ 60,00 ;1; R$ 20,00 ;12/11/2025;12/11/2025;
9786557112175;Dominação e desigualdade: Estudos sobre a repartição da renda Capa comum;14/03/2024; Paul Singer,  Helena Singer, Suzana Singer;Editora Unesp;Português;Letra do autor;Usado; R$ 50,00 ;1; R$ 16,67 ;12/11/2025;12/11/2025;
9786585168052;A Mandíbula de Caim - Edição Bilíngue (cobertura pode variar) Capa comum;15/03/2023;Mathers Edward Powys e  Torquemada ;Camelot Editora;Português;Letra do autor;Usado; R$ 25,00 ;1; R$ 8,33 ;12/11/2025;12/11/2025;
9788501067340;Vidas secas Capa comum ;28/03/2003;Graciliano Ramos;Record;Português;Letra do autor;Usado; R$ 25,00 ;1; R$ 8,33 ;12/11/2025;12/11/2025;
9786556220260;Oito Assassinatos Perfeitos: um Suspense Psicológico Arrepiante, Perfeito Para os Fãs de Thrillers Policiais Capa comum;04/03/2022;Peter Swanson;Jangada;Português;Letra do autor;Usado; R$ 35,00 ;1; R$ 11,67 ;12/11/2025;12/11/2025;
9788535928952;A formation das almas: O imaginário da República no Brasil Capa comum;13/04/2017;José Murilo de Carvalho;Companhia das Letras;Português;Letra do autor;Usado; R$ 60,00 ;1; R$ 20,00 ;12/11/2025;12/11/2025;
9788577260263;Engenharia Econômica Capa comum ;01/01/2008; Leland Blank  e Anthony Tarquin;AMGH;Português;Emprrendedorismo;Usado; R$ 175,00 ;1; R$ 58,33 ;12/11/2025;12/11/2025;
9786556097459;Asas reluzentes Volume 1 Capa comum;05/03/2025;Allison Saft ;Universo dos Livros;Português;Letra do autor;Novo; R$ 50,00 ;1; R$ 16,67 ;12/11/2025;12/11/2025;
9786550480318;Corrupt (Devil's Night Livro 1)- Idioma ?Português Capa comum ;01/03/2020;Penelope Douglas ;The Gift Dark;Português;Letra do autor;Novo; R$ 60,00 ;1; R$ 20,00 ;12/11/2025;12/11/2025;
9788535911626;Persépolis - Completo Capa comum;10/12/2007;Marjane Satrapi;Quadrinhos na Cia;Português;Mangá;Novo; R$ 65,00 ;1; R$ 21,67 ;12/11/2025;12/11/2025;
9780743292337;The Cell: A Novel Capa dura;24/01/2006;Stephen King ;Scribner Book Company;Inglês;Terror;Usado; R$ 65,00 ;1; R$ 21,67 ;12/11/2025;12/11/2025;
9786555980905;Grimório das Bruxas Capa dura;28/04/2021; Ronald Hutton;Darkside Books - Macabra;Português;Darkside ;Usado; R$ 70,00 ;1; R$ 23,33 ;12/11/2025;12/11/2025;
9786555980929;Bruxa Natural: 1 Capa dura;15/04/2021; Arin Murphy-Hiscock ;Darkside Books - Magicae;Português;Darkside ;Usado; R$ 45,00 ;1; R$ 15,00 ;12/11/2025;12/11/2025;
9788594541475;Lady Killers: Assassinas em Série Capa dura;24/01/2019;Tori Telfer ;Darkside Books - Crime Scene;Português;Darkside ;Usado; R$ 35,00 ;1; R$ 11,67 ;12/11/2025;12/11/2025;
9788542214369;O dilema do porco-espinho: Como encarar a solidão Capa comum;20/10/2018; Leandro Karnal;Planeta;Português;Letra do autor;Usado; R$ 30,00 ;1; R$ 10,00 ;12/11/2025;12/11/2025;
9788535935516;Sempre Paris: Crônica de uma cidade, seus escritores e artistas - Capa comum ;24/10/2023; Rosa Freire d’Aguiar;Companhia das Letras;Português;Letra do autor;Novo; R$ 55,00 ;1; R$ 18,33 ;12/11/2025;15/11/2025;
9788578130725;Abençoadas Marias Capa comum ;31/08/2012;Vanir Mattos Torres;Lúmen;Português;Religião;Usado; R$ 20,00 ;1; R$ 6,67 ;12/11/2025;Verificar estoque;
9788571645400;O dia do curinga Capa comum;12/04/1996;Jostein Gaarder;Seguinte;Português;Filosofia;Usado; R$ 50,00 ;1; R$ 16,67 ;12/11/2025;Verificar estoque;
9788564564022;Negros indícios : perfomance vídeo fotografia - Capa Comum;01/01/2017;Roberto Conduru;Espaço Donas Marcianas;Português;Letra do autor;Usado; R$ 55,00 ;1; R$ 18,33 ;12/11/2025;15/11/2025;
9788501058485;Mais Platão, menos Prozac Capa comum;05/02/2001;Lou Marinoff ;Record;Português;Filosofia;Usado; R$ 35,00 ;1; R$ 11,67 ;12/11/2025;15/11/2025;
9788587393920;Analisando Problemas De Performance  Capa comum;01/01/2001;Robert F. Mager E Peter Pipe ; Market Books;Português;Letra do autor;Usado; R$ 55,00 ;1; R$ 18,33 ;12/11/2025;15/11/2025;
9788595201170;Pollyanna Livro 1 de 2  - Capa comum;01/01/2023;Eleanor H Porter ;Pé da Letra;Português;Letra do autor Paradidático;Usado; R$ 30,00 ;1; R$ 10,00 ;12/11/2025;15/11/2025;
9788595201729;Pollyanna Moça Capa comum ;18/07/2019;Eleanor H Porter ;Pé da Letra;Português;Letra do autor Paradidático;Usado; R$ 25,00 ;1; R$ 8,33 ;12/11/2025;15/11/2025;
9788581301570;Holocausto brasileiro: Genocídio: 60 mil mortos no maior hospício do Brasil  Capa  Comum;01/06/2013;Daniela Arbex;Geração Editorial;Português;Letra do autor;Usado; R$ 40,00 ;1; R$ 13,33 ;12/11/2025;15/11/2025;
9788536326474;Medidas de Avaliação em Treinamento, Desenvolvimento e Educação: Ferramentas para Gestão de Pessoas Capa comum;01/01/2012;Gardênia da Silva Abbad ;Artmed;Português;Letra do autor;Usado; R$ 140,00 ;1; R$ 46,67 ;12/11/2025;15/11/2025;
9780937100080;Performance Management: Changing Behavior that Drives Organizational Effectiveness Capa dura;01/07/2004; Aubrey C. Daniels (e  Theodore A. Rosen;Performance Management Pub;Inglês;Sessão Inglês;Usado; R$ 210,00 ;1; R$ 70,00 ;12/11/2025;15/11/2025;
9780071482660;Measure of a Leader  Edição Inglês Capa dura;01/01/2007; Aubrey Daniels e James Daniels;McGraw-Hill Companies;Inglês;Sessão Inglês;Usado; R$ 175,00 ;1; R$ 58,33 ;12/11/2025;15/11/2025;
9788577531639;Pedagogia da autonomia Capa comum;07/02/1997; Paulo Freire;Paz & Terra;Português;Pedagogia;Usado; R$ 25,00 ;1; R$ 8,33 ;12/11/2025;15/11/2025;
9788582890882;Gamification -  Capa comum;15/09/2014;Flora Alves;DVS;Português;Emprrendedorismo;Usado; R$ 30,00 ;1; R$ 10,00 ;12/11/2025;15/11/2025;
9780787900908;Improving Performance Capa Dura;12/05/1995; Geary A. Rummler e Alan P. Brache;John Wiley & Sons;Inglês;Sessão Inglês;Usado; R$ 93,00 ;1; R$ 31,00 ;12/11/2025;15/11/2025;
9788584610488;Desculpability: Elimine de vez as desculpas e entregue resultados excepcionais Capa comum ;01/08/2015;João Cordeiro;Editora Évora;Português;Emprrendedorismo;Usado; R$ 45,00 ;1; R$ 15,00 ;12/11/2025;15/11/2025;
9788589275361;The Inner Game. A Essência do Jogo Interior Capa comum ;01/01/2013; Timothy Gallwey;NewBook;Português;Emprrendedorismo;Usado; R$ 70,00 ;1; R$ 23,33 ;12/11/2025;15/11/2025;
9788563178114;Manual Completo De PNL Capa comum;01/01/2012;Alexandre Slivnk;Ser Mais;Português;Psicologia;Usado; R$ 70,00 ;1; R$ 23,33 ;12/11/2025;15/11/2025;
9788568841327;Você é o que Você Entrega!: 60 Dicas Práticas Para se Destacar no Mundo Corporativo Capa comum ;01/05/2016; Alberto  Roitman;Garimpo & Parceiros;Português;Emprrendedorismo;Usado; R$ 68,00 ;1; R$ 22,67 ;12/11/2025;15/11/2025;
9788566966022;Coching & Carreira Capa comum ;01/01/2013;josé roberto marques;Ibc;Português;Emprrendedorismo;Usado; R$ 70,00 ;1; R$ 23,33 ;12/11/2025;15/11/2025;
9788587393913;O Que Todo Chefe Deve Saber Sobre Treinamento  Capa Comum;01/01/2001;Robert F. Mager ;Market Books;Português;Emprrendedorismo;Usado; R$ 65,00 ;1; R$ 21,67 ;12/11/2025;15/11/2025;
9788569194002;"Análise de Cargo, Recrutamento e Seleção - Capa comum ";01/01/2015;Helder Lima Gusso ;N1 Tecnologia Comportamental;Português;Emprrendedorismo;Usado; R$ 65,00 ;1; R$ 21,67 ;12/11/2025;15/11/2025;
9788584390816;O livro dos ressignificados Capa comum;28/08/2017;Akapoeta ;Paralela;Português;Letra do autor;Usado; R$ 40,00 ;1; R$ 13,33 ;12/11/2025;15/11/2025;
9788586259579;Psicologos & Professores - Um Ponto De Vista Sistemico Sobre As Dificu Capa comum ;11/09/2006; Chiara Curonici e Patricia Mcculloch;EDUSC;Português;Pedagogia;Usado; R$ 30,00 ;1; R$ 10,00 ;12/11/2025;29/11/2025;
9788525057204;Mentes perigosas: O psicopata mora ao lado Capa comum;01/07/2014;Ana Beatriz Barbosa Silva;Principium;Português;Psicologia;Usado; R$ 38,00 ;1; R$ 12,67 ;12/11/2025;29/11/2025;
9788579490552;Navegações e Regressos Capa dura;01/01/2012; Pablo Neruda;Folha de São Paulo;Português;Letra do autor;Usado; R$ 20,00 ;1; R$ 6,67 ;12/11/2025;Verificar estoque;
9788543101279;De volta ao mosteiro: O monge e o executivo falam de liderança e trabalho em equipe Capa comum;28/07/2014;James C. Hunter ;Editora Sextante;Português;Emprrendedorismo;Usado; R$ 30,00 ;1; R$ 10,00 ;12/11/2025;Verificar estoque;
9781405811309;Logman Dictionary Of Contemporary English Up - Não acompanha o CD  Capa comum;01/01/2005; Longman;Pearson Education;Inglês;Sessão Inglês;Usado; R$ 40,00 ;1; R$ 13,33 ;12/11/2025;29/11/2025;
9788575564066;12-Maquiavel - o Principe Capa comum ;01/01/2008;Escala;Escala editora;Português;Emprrendedorismo;Usado; R$ 25,00 ;1; R$ 8,33 ;12/11/2025;Verificar estoque;
9788575567685;A Gaia Ciencia  Capa comum;01/01/2008;Nietzsche ;Escala editora;Português;Letra do autor;Usado; R$ 25,00 ;1; R$ 8,33 ;12/11/2025;Verificar estoque;
9788573026443;Amor é prosa, sexo é poesia Capa comum ;06/11/2004; Arnaldo Jabor;Objetiva;Português;Sessão poesia;Usado; R$ 25,00 ;1; R$ 8,33 ;12/11/2025;Verificar estoque;
9788596022606;A onça e o coelho Capa comum ;01/01/2020;Monteiro Lobato;FTD;Português;Letra do autor paradidático;Usado; R$ 28,00 ;1; R$ 9,33 ;20/11/2025;20/11/2025;
9788576160694;Enciclopédia dos Cavaleiros Do Zodíaco Capa dura;09/07/2018; Masami Kurumada;Conrad;Português;Mangá;Usado; R$ 278,00 ;1; R$ 92,67 ;20/11/2025;06/12/2025;
9788580412406;A redenção de Gabriel: 3 Capa comum;27/12/2013; Sylvain Reynard;Editora Arqueiro;Português;Romance Quente;Usado; R$ 40,00 ;1; R$ 13,33 ;20/11/2025;06/12/2025;
9788580411263;O inferno de Gabriel: 1 Capa comum;25/01/2013; Sylvain Reynard;Editora Arqueiro;Português;Romance Quente;Usado; R$ 20,00 ;1; R$ 6,67 ;20/11/2025;06/12/2025;
9788580411850;O julgamento de Gabriel: 2 Capa comum;28/06/2013; Sylvain Reynard;Editora Arqueiro;Português;Romance Quente;Usado; R$ 35,00 ;1; R$ 11,67 ;20/11/2025;06/12/2025;
9788565765985;Felizes Para Sempre. Cia Capa comum;15/08/2018;Kiera Cass;Seguinte;Português;Romance antigo;Usado; R$ 35,00 ;1; R$ 11,67 ;20/11/2025;06/12/2025;
9788535925340;A Escolha Capa comum ;15/08/2018;Kiera Cass;Seguinte;Português;Romance antigo;Usado; R$ 35,00 ;1; R$ 11,67 ;20/11/2025;06/12/2025;
9788535922332;A elite (A Seleção Livro 2) Capa comum;12/04/2013;Kiera Cass;Seguinte;Português;Romance antigo;Usado; R$ 35,00 ;1; R$ 11,67 ;20/11/2025;06/12/2025;
9788535920932;A seleção Capa comum;21/05/2012;Kiera Cass;Seguinte;Português;Romance antigo;Usado; R$ 35,00 ;1; R$ 11,67 ;20/11/2025;06/12/2025;
9788535926019;A Sereia Capa comum;25/01/2016;Kiera Cass;Seguinte;Português;Romance antigo;Usado; R$ 35,00 ;1; R$ 11,67 ;20/11/2025;06/12/2025;
9788555340055;A Herdeira (A Seleção Livro 4) Capa comum;05/05/2015;Kiera Cass;Seguinte;Português;Romance antigo;Usado; R$ 35,00 ;1; R$ 11,67 ;20/11/2025;06/12/2025;
9788555340093;A Coroa (A Seleção Livro 5) Capa comum;03/05/2016;Kiera Cass;Seguinte;Português;Romance antigo;Usado; R$ 35,00 ;1; R$ 11,67 ;20/11/2025;06/12/2025;
9788528103007;Através do Espelho e o que Alice encontrou por lá Capa dura ;01/01/1997;Lewis Carroll ;Livraria José Olympio Editora;Português;Letra do autor;Usado; R$ 35,00 ;1; R$ 11,67 ;20/11/2025;06/12/2025;
9788532252111;Viagens Gastronomicas Atraves Da Historia Capa comum ;01/01/2004;caloca fernandes;Senac SP;Português;Culinária;Usado; R$ 45,00 ;1; R$ 15,00 ;20/11/2025;06/12/2025;
9788506084052;A Menina Que Odiava Livros Capa comum ;04/05/2018; Manjusha Pawagi e  Shelanne Graham ;Melhoramentos;Português;Letra do autor;Usado; R$ 35,00 ;1; R$ 11,67 ;20/11/2025;06/12/2025;
9788574061610;O Menino que Aprendeu a Ver Capa comum ;19/08/1997;Ruth Rocha ;Quinteto;Português;Letra do autor;Usado; R$ 35,00 ;1; R$ 11,67 ;20/11/2025;06/12/2025;
9788532220455;Meu Livro de Ouro das Fábulas Capa dura;01/01/2000;Diversos Autores;FTD;Português;Letra do autor;Usado; R$ 50,00 ;1; R$ 16,67 ;20/11/2025;06/12/2025;
9788526206013;O Livro Do Papai Capa comum ;01/01/1987;Todd Parr;Scipione;Português;Letra do autor;Usado; R$ 35,00 ;1; R$ 11,67 ;20/11/2025;06/12/2025;
9788582710104;Especialista em Pessoas: Soluções Práticas para Lidar com Outros Capa comum;22/03/2013;Tiago Brunet;Sextante;Português;Sessão auto ajuda;Usado; R$ 35,00 ;1; R$ 11,67 ;20/11/2025;06/12/2025;
9788528103007;Aventuras de Alice no País das Maravilhas Capa dura ;01/01/1997;Lewis Carroll ;Livraria José Olympio Editora;Português;Letra do autor;Usado; R$ 35,00 ;1; R$ 11,67 ;20/11/2025;06/12/2025;
9786555110197;O Assassinato no Expresso do Oriente - Edicao de Luxo Capa dura;30/06/2020;Agatha Christie;HarperCollins;Português;Letra do autor;Usado; R$ 45,00 ;1; R$ 15,00 ;20/11/2025;06/12/2025;
9788574063997;Onde Vivem os Monstros Capa comum;11/09/2009;Maurice Sendak;Cosac Naify;Português;Sessão Infantil;Usado; R$ 45,00 ;1; R$ 15,00 ;20/11/2025;06/12/2025;
9788576571551;O guia definitivo do mochileiro das galáxias Capa Dura;23/10/2020;Douglas Adams;Arqueiro;Português;Letra do autor;Usado; R$ 60,00 ;1; R$ 20,00 ;20/11/2025;03/12/2025;
9788576572114;Eu, Robô Capa comum - (Edição de Bolso);01/01/2014;Isaac Asimov;Aleph;Português;Letra do autor;Usado; R$ 35,00 ;1; R$ 11,67 ;20/11/2025;03/12/2025;
9788543100654;O monge e o executivo: Uma história sobre a essência da liderança Capa comum;24/03/2004;James C. Hunter ;Sextante;Português;Letra do autor;Usado; R$ 35,00 ;1; R$ 11,67 ;20/11/2025;03/12/2025;
9788539004119;A sabedoria do monge: Uma jornada para descobrir o que é essencial Capa comum ;28/08/2012;James C. Hunter ;Sextante;Português;Letra do autor;Usado; R$ 35,00 ;1; R$ 11,67 ;20/11/2025;03/12/2025;
9788575084113;O cavaleiro preso na armadura Capa comum;06/04/2015;Robert Fisher;Record;Português;Letra do autor;Usado; R$ 35,00 ;1; R$ 11,67 ;20/11/2025;03/12/2025;
9788535900115;O Menino do Pijama Listrado Capa comum;25/08/2007;John Boyne;Companhia das Letras;Português;Letra do autor;Usado; R$ 35,00 ;1; R$ 11,67 ;20/11/2025;03/12/2025;
9788535911119;O Caçador de Pipas Capa comum;01/01/2005;Khaled Hosseini;Nova Fronteira;Português;Letra do autor;Usado; R$ 35,00 ;1; R$ 11,67 ;20/11/2025;03/12/2025;
9788580570014;A Menina que Roubava Livros Capa comum;01/01/2007;Markus Zusak;Intrínseca;Português;Letra do autor;Usado; R$ 35,00 ;1; R$ 11,67 ;20/11/2025;03/12/2025;
9788580572221;Cidades de Papel Capa comum;01/01/2013;John Green;Intrínseca;Português;Letra do autor;Usado; R$ 35,00 ;1; R$ 11,67 ;20/11/2025;03/12/2025;
9788580571112;A Culpa é das Estrelas Capa comum;01/01/2012;John Green;Intrínseca;Português;Letra do autor;Usado; R$ 35,00 ;1; R$ 11,67 ;20/11/2025;03/12/2025;
9786555320016;O Alquimista Capa comum;01/01/1988;Paulo Coelho;Paralela;Português;Letra do autor;Usado; R$ 35,00 ;1; R$ 11,67 ;20/11/2025;03/12/2025;
9788575037777;Vidas Secas (Edição Comemorativa) Capa comum;25/03/2010;Graciliano Ramos;Record;Português;Letra do autor;Usado; R$ 35,00 ;1; R$ 11,67 ;20/11/2025;03/12/2025;
9788535914441;Ensaio sobre a Cegueira Capa comum;01/01/1995;José Saramago;Companhia das Letras;Português;Letra do autor;Usado; R$ 45,00 ;1; R$ 15,00 ;20/11/2025;03/12/2025;
9788525411113;O Pequeno Príncipe Capa comum;01/01/1943;Antoine de Saint-Exupéry;Agir;Português;Sessão Infantil;Usado; R$ 35,00 ;1; R$ 11,67 ;20/11/2025;03/12/2025;
9788501004116;O Morro dos Ventos Uivantes Capa comum;01/01/1847;Emily Brontë;Record;Português;Letra do autor;Usado; R$ 35,00 ;1; R$ 11,67 ;20/11/2025;03/12/2025;
9788520921110;Orgulho e Preconceito Capa comum;01/01/1813;Jane Austen;Nova Fronteira;Português;Letra do autor;Usado; R$ 35,00 ;1; R$ 11,67 ;20/11/2025;03/12/2025;
9788560303112;O Retrato de Dorian Gray Capa comum;01/01/1890;Oscar Wilde;L&PM;Português;Letra do autor;Usado; R$ 35,00 ;1; R$ 11,67 ;20/11/2025;03/12/2025;
9788535922225;1984 Capa comum;01/01/1949;George Orwell;Companhia das Letras;Português;Letra do autor;Usado; R$ 45,00 ;1; R$ 15,00 ;20/11/2025;03/12/2025;
9788535923331;A Revolução dos Bichos Capa comum;01/01/1945;George Orwell;Companhia das Letras;Português;Letra do autor;Usado; R$ 35,00 ;1; R$ 11,67 ;20/11/2025;03/12/2025;
9788525032227;O Cortiço Capa comum;01/01/1890;Aluísio Azevedo;Globo Livros;Português;Letra do autor;Usado; R$ 35,00 ;1; R$ 11,67 ;20/11/2025;03/12/2025;
9788525424449;Dom Casmurro Capa comum;01/01/1899;Machado de Assis;L&PM;Português;Letra do autor;Usado; R$ 35,00 ;1; R$ 11,67 ;20/11/2025;03/12/2025;
9788525425555;Memórias Póstumas de Brás Cubas Capa comum;01/01/1881;Machado de Assis;L&PM;Português;Letra do autor;Usado; R$ 35,00 ;1; R$ 11,67 ;20/11/2025;03/12/2025;
9788525426661;Quincas Borba Capa comum;01/01/1891;Machado de Assis;L&PM;Português;Letra do autor;Usado; R$ 35,00 ;1; R$ 11,67 ;20/11/2025;03/12/2025;
9788525427777;O Alienista Capa comum;01/01/1882;Machado de Assis;L&PM;Português;Letra do autor;Usado; R$ 35,00 ;1; R$ 11,67 ;20/11/2025;03/12/2025;
9788501078881;A Hora da Estrela Capa comum;01/01/1977;Clarice Lispector;Rocco;Português;Letra do autor;Usado; R$ 35,00 ;1; R$ 11,67 ;20/11/2025;03/12/2025;
9788506010115;Perto do Coração Selvagem Capa comum;01/01/1943;Clarice Lispector;Rocco;Português;Letra do autor;Usado; R$ 35,00 ;1; R$ 11,67 ;20/11/2025;03/12/2025;
9788506011112;Laços de Família Capa comum;01/01/1960;Clarice Lispector;Rocco;Português;Letra do autor;Usado; R$ 35,00 ;1; R$ 11,67 ;20/11/2025;03/12/2025;
9788506012229;Felicidade Clandestina Capa comum;01/01/1971;Clarice Lispector;Rocco;Português;Letra do autor;Usado; R$ 35,00 ;1; R$ 11,67 ;20/11/2025;03/12/2025;
9788506133336;O Primo Basílio Capa comum;01/01/1878;Eça de Queirós;L&PM;Português;Letra do autor;Usado; R$ 35,00 ;1; R$ 11,67 ;20/11/2025;03/12/2025;
9788506144449;Os Maias Capa comum;01/01/1888;Eça de Queirós;L&PM;Português;Letra do autor;Usado; R$ 45,00 ;1; R$ 15,00 ;20/11/2025;03/12/2025;
9788506155552;A Cidade e as Serras Capa comum;01/01/1901;Eça de Queirós;L&PM;Português;Letra do autor;Usado; R$ 35,00 ;1; R$ 11,67 ;20/11/2025;03/12/2025;
9788506166665;O Crime do Padre Amaro Capa comum;01/01/1875;Eça de Queirós;L&PM;Português;Letra do autor;Usado; R$ 35,00 ;1; R$ 11,67 ;20/11/2025;03/12/2025;
9788525428880;Auto da Barca do Inferno Capa comum;01/01/1517;Gil Vicente;Escala;Português;Letra do autor;Usado; R$ 35,00 ;1; R$ 11,67 ;20/11/2025;03/12/2025;
9788525429994;Farsa de Inês Pereira Capa comum;01/01/1523;Gil Vicente;Escala;Português;Letra do autor;Usado; R$ 35,00 ;1; R$ 11,67 ;20/11/2025;03/12/2025;
9788506177771;Lucíola Capa comum;01/01/1862;José de Alencar;Escala;Português;Letra do autor;Usado; R$ 35,00 ;1; R$ 11,67 ;20/11/2025;03/12/2025;
9788506188887;Senhora Capa comum;01/01/1875;José de Alencar;Escala;Português;Letra do autor;Usado; R$ 35,00 ;1; R$ 11,67 ;20/11/2025;03/12/2025;
9788506199990;Iracema Capa comum;01/01/1865;José de Alencar;Escala;Português;Letra do autor;Usado; R$ 35,00 ;1; R$ 11,67 ;20/11/2025;03/12/2025;
9788536643217;Memórias de um Sargento de Milícias Capa comum;01/01/1852;Manuel Antônio de Almeida;Escala;Português;Letra do autor;Usado; R$ 35,00 ;1; R$ 11,67 ;20/11/2025;03/12/2025;
9788536654329;O Guarani Capa comum;01/01/1857;José de Alencar;Escala;Português;Letra do autor;Usado; R$ 35,00 ;1; R$ 11,67 ;20/11/2025;03/12/2025;
9788536665431;A Moreninha Capa comum;01/01/1844;Joaquim Manuel de Macedo;Escala;Português;Letra do autor;Usado; R$ 35,00 ;1; R$ 11,67 ;20/11/2025;03/12/2025;
9788536676543;Urupês Capa comum;01/01/1918;Monteiro Lobato;Globo Livros;Português;Letra do autor;Usado; R$ 35,00 ;1; R$ 11,67 ;20/11/2025;03/12/2025;
9788536687654;Cidades Mortas Capa comum;01/01/1919;Monteiro Lobato;Globo Livros;Português;Letra do autor;Usado; R$ 35,00 ;1; R$ 11,67 ;20/11/2025;03/12/2025;
9788536698765;Negrinha Capa comum;01/01/1920;Monteiro Lobato;Globo Livros;Português;Letra do autor;Usado; R$ 35,00 ;1; R$ 11,67 ;20/11/2025;03/12/2025;
9788535920000;Morangos Mofados Capa comum;25/03/2012;Caio Fernando Abreu;Companhia das Letras;Português;Letra do autor;Usado; R$ 35,00 ;1; R$ 11,67 ;20/11/2025;03/12/2025;
9788535921116;Onde Andará Caio Fernando Abreu? Capa comum;01/01/2011;Paula Dip;Companhia das Letras;Português;Letra do autor;Usado; R$ 45,00 ;1; R$ 15,00 ;20/11/2025;03/12/2025;
9788520922223;Capitães da Areia Capa comum;01/01/1937;Jorge Amado;Companhia das Letras;Português;Letra do autor;Usado; R$ 35,00 ;1; R$ 11,67 ;20/11/2025;03/12/2025;
9788520923339;Gabriela, Cravo e Canela Capa comum;01/01/1958;Jorge Amado;Companhia das Letras;Português;Letra do autor;Usado; R$ 45,00 ;1; R$ 15,00 ;20/11/2025;03/12/2025;
9788520924445;Dona Flor e Seus Dois Maridos Capa comum;01/01/1966;Jorge Amado;Companhia das Letras;Português;Letra do autor;Usado; R$ 45,00 ;1; R$ 15,00 ;20/11/2025;03/12/2025;
9788520925551;Tieta do Agreste Capa comum;01/01/1977;Jorge Amado;Companhia das Letras;Português;Letra do autor;Usado; R$ 45,00 ;1; R$ 15,00 ;20/11/2025;03/12/2025;
9788520926667;O Gato Malhado e a Andorinha Sinhá Capa comum;01/01/1976;Jorge Amado;Companhia das Letras;Português;Letra do autor;Usado; R$ 35,00 ;1; R$ 11,67 ;20/11/2025;03/12/2025;
9788532520002;O Cavaleiro da Esperança Capa comum;01/01/1942;Jorge Amado;Companhia das Letras;Português;Letra do autor;Usado; R$ 45,00 ;1; R$ 15,00 ;20/11/2025;03/12/2025;
9788532521118;Mar Morto Capa comum;01/01/1936;Jorge Amado;Companhia das Letras;Português;Letra do autor;Usado; R$ 35,00 ;1; R$ 11,67 ;20/11/2025;03/12/2025;
9788532522224;Tereza Batista Cansada de Guerra Capa comum;01/01/1972;Jorge Amado;Companhia das Letras;Português;Letra do autor;Usado; R$ 45,00 ;1; R$ 15,00 ;20/11/2025;03/12/2025;
9788532523330;Farda, Fardão, Camisola de Dormir Capa comum;01/01/1979;Jorge Amado;Companhia das Letras;Português;Letra do autor;Usado; R$ 45,00 ;1; R$ 15,00 ;20/11/2025;03/12/2025;
9788532524446;Tenda dos Milagres Capa comum;01/01/1969;Jorge Amado;Companhia das Letras;Português;Letra do autor;Usado; R$ 45,00 ;1; R$ 15,00 ;20/11/2025;03/12/2025;
9788535920017;Morte e Vida Severina Capa comum;25/03/2012;João Cabral de Melo Neto;Alfaguara;Português;Sessão poesia;Usado; R$ 35,00 ;1; R$ 11,67 ;20/11/2025;03/12/2025;
9788535921123;O Rio (João Cabral de Melo Neto) Capa comum;01/01/1954;João Cabral de Melo Neto;Alfaguara;Português;Sessão poesia;Usado; R$ 35,00 ;1; R$ 11,67 ;20/11/2025;03/12/2025;
9788535922239;Uma Faca Só Lâmina Capa comum;01/01/1955;João Cabral de Melo Neto;Alfaguara;Português;Sessão poesia;Usado; R$ 35,00 ;1; R$ 11,67 ;20/11/2025;03/12/2025;
9788535923345;A Educação pela Pedra Capa comum;01/01/1966;João Cabral de Melo Neto;Alfaguara;Português;Sessão poesia;Usado; R$ 35,00 ;1; R$ 11,67 ;20/11/2025;03/12/2025;
9788535924451;O Cão sem Plumas Capa comum;01/01/1950;João Cabral de Melo Neto;Alfaguara;Português;Sessão poesia;Usado; R$ 35,00 ;1; R$ 11,67 ;20/11/2025;03/12/2025;
9788535925567;Agreste (João Cabral de Melo Neto) Capa comum;01/01/1985;João Cabral de Melo Neto;Alfaguara;Português;Sessão poesia;Usado; R$ 35,00 ;1; R$ 11,67 ;20/11/2025;03/12/2025;
9788535926673;A Escolha (João Cabral de Melo Neto) Capa comum;01/01/1990;João Cabral de Melo Neto;Alfaguara;Português;Sessão poesia;Usado; R$ 35,00 ;1; R$ 11,67 ;20/11/2025;03/12/2025;
9788525000010;Grande Sertão: Veredas Capa dura;01/01/1956;João Guimarães Rosa;Global;Português;Letra do autor;Usado; R$ 85,00 ;1; R$ 28,33 ;20/11/2025;03/12/2025;
9788525001116;Sagarana Capa comum;01/01/1946;João Guimarães Rosa;Global;Português;Letra do autor;Usado; R$ 45,00 ;1; R$ 15,00 ;20/11/2025;03/12/2025;
9788525002222;Primeiras Estórias Capa comum;01/01/1962;João Guimarães Rosa;Global;Português;Letra do autor;Usado; R$ 45,00 ;1; R$ 15,00 ;20/11/2025;03/12/2025;
9788525003338;Tutaméia - Terceiras Estórias Capa comum;01/01/1967;João Guimarães Rosa;Global;Português;Letra do autor;Usado; R$ 35,00 ;1; R$ 11,67 ;20/11/2025;03/12/2025;
9788525004444;Noites do Sertão Capa comum;01/01/1956;João Guimarães Rosa;Global;Português;Letra do autor;Usado; R$ 45,00 ;1; R$ 15,00 ;20/11/2025;03/12/2025;
9788525005550;Manuelzão e Miguilim Capa comum;01/01/1956;João Guimarães Rosa;Global;Português;Letra do autor;Usado; R$ 35,00 ;1; R$ 11,67 ;20/11/2025;03/12/2025;
9788525006666;Estas Estórias Capa comum;01/01/1969;João Guimarães Rosa;Global;Português;Letra do autor;Usado; R$ 35,00 ;1; R$ 11,67 ;20/11/2025;03/12/2025;
9788506111223;O Continente (O Tempo e o Vento Vol. 1) Capa comum;01/01/1949;Erico Verissimo;Companhia das Letras;Português;Letra do autor;Usado; R$ 65,00 ;1; R$ 21,67 ;20/11/2025;03/12/2025;
9788506112220;O Continente (O Tempo e o Vento Vol. 2) Capa comum;01/01/1949;Erico Verissimo;Companhia das Letras;Português;Letra do autor;Usado; R$ 65,00 ;1; R$ 21,67 ;20/11/2025;03/12/2025;
9788506113333;O Retrato (O Tempo e o Vento Vol. 1) Capa comum;01/01/1951;Erico Verissimo;Companhia das Letras;Português;Letra do autor;Usado; R$ 65,00 ;1; R$ 21,67 ;20/11/2025;03/12/2025;
9788506114449;O Retrato (O Tempo e o Vento Vol. 2) Capa comum;01/01/1951;Erico Verissimo;Companhia das Letras;Português;Letra do autor;Usado; R$ 65,00 ;1; R$ 21,67 ;20/11/2025;03/12/2025;
9788506115552;O Arquipélago (O Tempo e o Vento Vol. 1) Capa comum;01/01/1961;Erico Verissimo;Companhia das Letras;Português;Letra do autor;Usado; R$ 65,00 ;1; R$ 21,67 ;20/11/2025;03/12/2025;
9788506116665;O Arquipélago (O Tempo e o Vento Vol. 2) Capa comum;01/01/1961;Erico Verissimo;Companhia das Letras;Português;Letra do autor;Usado; R$ 65,00 ;1; R$ 21,67 ;20/11/2025;03/12/2025;
9788506117771;O Arquipélago (O Tempo e o Vento Vol. 3) Capa comum;01/01/1962;Erico Verissimo;Companhia das Letras;Português;Letra do autor;Usado; R$ 65,00 ;1; R$ 21,67 ;20/11/2025;03/12/2025;
9788506118887;Olhai os Lírios do Campo Capa comum;01/01/1938;Erico Verissimo;Companhia das Letras;Português;Letra do autor;Usado; R$ 35,00 ;1; R$ 11,67 ;20/11/2025;03/12/2025;
9788506119990;Incidente em Antares Capa comum;01/01/1971;Erico Verissimo;Companhia das Letras;Português;Letra do autor;Usado; R$ 45,00 ;1; R$ 15,00 ;20/11/2025;03/12/2025;
9788506110004;O Senhor Embaixador Capa comum;01/01/1965;Erico Verissimo;Companhia das Letras;Português;Letra do autor;Usado; R$ 45,00 ;1; R$ 15,00 ;20/11/2025;03/12/2025;
9788506111110;O Prisioneiro Capa comum;01/01/1967;Erico Verissimo;Companhia das Letras;Português;Letra do autor;Usado; R$ 35,00 ;1; R$ 11,67 ;20/11/2025;03/12/2025;
9788506112229;Caminhos Cruzados Capa comum;01/01/1935;Erico Verissimo;Companhia das Letras;Português;Letra do autor;Usado; R$ 35,00 ;1; R$ 11,67 ;20/11/2025;03/12/2025;
9788506113336;O Resto é Silêncio Capa comum;01/01/1943;Erico Verissimo;Companhia das Letras;Português;Letra do autor;Usado; R$ 35,00 ;1; R$ 11,67 ;20/11/2025;03/12/2025;
9788506114442;Um Lugar ao Sol Capa comum;01/01/1936;Erico Verissimo;Companhia das Letras;Português;Letra do autor;Usado; R$ 35,00 ;1; R$ 11,67 ;20/11/2025;03/12/2025;
9788506115558;Saga (Erico Verissimo) Capa comum;01/01/1940;Erico Verissimo;Companhia das Letras;Português;Letra do autor;Usado; R$ 35,00 ;1; R$ 11,67 ;20/11/2025;03/12/2025;
9788506116664;Gato Preto em Campo de Neve Capa comum;01/01/1941;Erico Verissimo;Companhia das Letras;Português;Letra do autor;Usado; R$ 35,00 ;1; R$ 11,67 ;20/11/2025;03/12/2025;
9788506117770;A Noite (Erico Verissimo) Capa comum;01/01/1954;Erico Verissimo;Companhia das Letras;Português;Letra do autor;Usado; R$ 35,00 ;1; R$ 11,67 ;20/11/2025;03/12/2025;
9788535920024;Vantagens de ser Invisível Capa comum;01/01/1999;Stephen Chbosky;Rocco;Português;Letra do autor;Usado; R$ 35,00 ;1; R$ 11,67 ;20/11/2025;03/12/2025;
9788535921130;A Menina que Parou o Tempo Capa comum;01/01/2010;Lygia Bojunga;Casa Lygia Bojunga;Português;Letra do autor;Usado; R$ 35,00 ;1; R$ 11,67 ;20/11/2025;03/12/2025;
9788535922246;O Meu Pé de Laranja Lima Capa comum;01/01/1968;José Mauro de Vasconcelos;Melhoramentos;Português;Letra do autor;Usado; R$ 35,00 ;1; R$ 11,67 ;20/11/2025;03/12/2025;
9788535923352;Doidão (José Mauro de Vasconcelos) Capa comum;01/01/1963;José Mauro de Vasconcelos;Melhoramentos;Português;Letra do autor;Usado; R$ 35,00 ;1; R$ 11,67 ;20/11/2025;03/12/2025;
9788535924468;Vamos Aquecer o Sol Capa comum;01/01/1974;José Mauro de Vasconcelos;Melhoramentos;Português;Letra do autor;Usado; R$ 35,00 ;1; R$ 11,67 ;20/11/2025;03/12/2025;
9788535925574;O Veleiro de Cristal Capa comum;01/01/1973;José Mauro de Vasconcelos;Melhoramentos;Português;Letra do autor;Usado; R$ 35,00 ;1; R$ 11,67 ;20/11/2025;03/12/2025;
9788535926680;Rosinha, Minha Canoa Capa comum;01/01/1962;José Mauro de Vasconcelos;Melhoramentos;Português;Letra do autor;Usado; R$ 35,00 ;1; R$ 11,67 ;20/11/2025;03/12/2025;
9788525007779;Barro Blanco Capa comum;01/01/1945;José Mauro de Vasconcelos;Melhoramentos;Português;Letra do autor;Usado; R$ 35,00 ;1; R$ 11,67 ;20/11/2025;03/12/2025;
9788506166672;Coração de Vidro Capa comum;01/01/1964;José Mauro de Vasconcelos;Melhoramentos;Português;Letra do autor;Usado; R$ 35,00 ;1; R$ 11,67 ;20/11/2025;03/12/2025;
9788506177788;Kuryala: capitão e carajá Capa comum;01/01/1979;José Mauro de Vasconcelos;Melhoramentos;Português;Letra do autor;Usado; R$ 35,00 ;1; R$ 11,67 ;20/11/2025;03/12/2025;
